name;firstname;lastname;fullname
Demir, Hakan; Hakan;Demir; Hakan Demir
Diedenhofen, Martin; Martin;Diedenhofen; Martin Diedenhofen
Glöckner, Angelika; Angelika;Glöckner; Angelika Glöckner
Lehmann, Sylvia; Sylvia;Lehmann; Sylvia Lehmann
Lindh, Helge; Helge;Lindh; Helge Lindh
Mascheck, Franziska; Franziska;Mascheck; Franziska Mascheck
Nickholz, Brian; Brian;Nickholz; Brian Nickholz
Rix, Sönke; Sönke;Rix; Sönke Rix
Yüksel, Gülistan; Gülistan;Yüksel; Gülistan Yüksel
Bär, Dorothee; Dorothee;Bär; Dorothee Bär
Hoffmann, Alexander; Alexander;Hoffmann; Alexander Hoffmann
König, Anne; Anne;König; Anne König
Koob, Markus; Markus;Koob; Markus Koob
Magwas, Yvonne; Yvonne;Magwas; Yvonne Magwas
Nacke, Dr. Stefan; Dr. Stefan;Nacke; Dr. Stefan Nacke
Rief, Josef; Josef;Rief; Josef Rief
Rüddel, Erwin; Erwin;Rüddel; Erwin Rüddel
Schimke, Jana; Jana;Schimke; Jana Schimke
Willsch, Klaus-Peter; Klaus-Peter;Willsch; Klaus-Peter Willsch
Bsirske, Frank; Frank;Bsirske; Frank Bsirske
Heitmann, Linda; Linda;Heitmann; Linda Heitmann
Schulz-Asche, Kordula; Kordula;Schulz-Asche; Kordula Schulz-Asche
Slawik, Nyke; Nyke;Slawik; Nyke Slawik
Tesfaiesus, Awet; Awet;Tesfaiesus; Awet Tesfaiesus
Walter-Rosenheimer, Beate; Beate;Walter-Rosenheimer; Beate Walter-Rosenheimer
Helling-Plahr, Katrin; Katrin;Helling-Plahr; Katrin Helling-Plahr
Jensen, Gyde; Gyde;Jensen; Gyde Jensen
Lenders, Jürgen; Jürgen;Lenders; Jürgen Lenders
Raffelhüschen, Claudia; Claudia;Raffelhüschen; Claudia Raffelhüschen
Westig, Nicole; Nicole;Westig; Nicole Westig
Gottschalk, Kay; Kay;Gottschalk; Kay Gottschalk
Höchst, Nicole; Nicole;Höchst; Nicole Höchst
Schmidt, Jan Wenzel; Jan Wenzel;Schmidt; Jan Wenzel Schmidt
Storch, Beatrix von; Beatrix von;Storch; Beatrix von Storch
Pellmann, Sören; Sören;Pellmann; Sören Pellmann
Vogler, Kathrin; Kathrin;Vogler; Kathrin Vogler
